salario,educ,edad,hombre,mujer,mvdeo,colonia,rivera
299.123870849609,15,54,1,0,1,1,0
72.5019149780273,15,48,0,1,1,1,0
332.518157958984,17,54,0,1,1,1,0
3.06856060028076,2,53,1,0,1,1,0
90.4366989135742,16,59,0,1,1,1,0
41.5102691650391,6,45,1,0,0,0,1
79.2468719482422,12,39,1,0,1,1,0
50.9469299316406,17,32,0,1,1,1,0
49.2212181091309,16,29,0,1,1,1,0
16.6049251556396,6,53,1,0,1,1,0
39.883186340332,3,45,1,0,1,1,0
95.5337677001953,6,42,1,0,1,1,0
214.950973510742,20,52,1,0,1,1,0
373.610809326172,17,27,0,1,0,0,0
148.250961303711,17,54,1,0,1,1,0
26.685173034668,9,39,0,1,1,1,0
14.9436960220337,6,50,1,0,1,1,0
30.2091312408447,6,53,1,0,1,1,0
25,6,54,1,0,0,0,0
16.698637008667,11,29,0,1,1,1,0
19.143928527832,4,36,1,0,0,0,0
59.3199996948242,14,43,1,0,1,1,0
72.5155029296875,12,47,1,0,1,1,0
81.8282852172852,13,51,1,0,1,1,0
38.7429161071777,16,40,0,1,1,1,0
36.1746788024902,10,57,0,1,0,0,1
40.2788429260254,4,57,1,0,1,1,0
55.8018341064453,12,41,1,0,1,1,0
48.3346099853516,16,32,1,0,1,1,0
47.1975479125977,16,60,0,1,1,1,0
18.4113636016846,9,46,1,0,1,1,0
126.636680603027,6,60,0,1,1,1,0
81.3616943359375,12,52,1,0,1,1,0
19.8156700134277,9,63,0,1,1,1,0
93.3765335083008,11,51,1,0,1,1,0
126.114410400391,12,49,1,0,1,1,0
29.8189945220947,12,43,0,1,1,1,0
103.775665283203,11,43,1,0,1,1,0
102.236557006836,17,55,0,1,1,1,0
67.9351272583008,12,55,0,1,1,1,0
100,9,44,1,0,1,1,0
15.5274934768677,6,44,0,1,1,1,0
82.4670639038086,18,29,0,1,1,1,0
19.9105625152588,6,41,0,1,1,1,0
239.299102783203,18,39,1,0,1,1,0
38.7512741088867,7,58,1,0,1,1,0
43.5381164550781,12,41,0,1,1,1,0
62.5518684387207,12,27,1,0,1,1,0
29.4581813812256,18,61,0,1,1,1,0
21.6802749633789,6,61,1,0,1,1,0
15.500509262085,3,46,1,0,0,0,1
100,14,42,0,1,1,1,0
54.895881652832,8,57,1,0,1,1,0
42.0831184387207,11,43,0,1,0,0,0
30.5977268218994,17,50,0,1,1,1,0
97.912727355957,16,44,0,1,1,1,0
36.4583320617676,3,61,1,0,0,0,1
9.17931747436523,8,29,0,1,1,1,0
298.888641357422,17,40,1,0,1,1,0
41.6666679382324,12,40,0,1,1,1,0
19.8406524658203,8,47,0,1,0,0,0
11.8095664978027,6,63,1,0,1,1,0
172.227890014648,18,38,0,1,1,1,0
49.0969696044922,12,36,0,1,1,1,0
244.781814575195,12,38,0,1,1,1,0
48.9563636779785,16,40,0,1,0,0,0
29.7609786987305,9,39,1,0,1,1,0
42.0749282836914,12,46,0,1,1,1,0
26.7339305877686,8,35,1,0,1,1,0
22.4983978271484,8,25,1,0,1,1,0
35.2858123779297,11,39,1,0,1,1,0
43.5167655944824,12,36,1,0,1,1,0
178.565872192383,18,57,1,0,1,1,0
31.0010185241699,12,53,1,0,1,1,0
362.577484130859,15,46,1,0,1,1,0
116.116249084473,18,45,1,0,1,1,0
29.8189945220947,9,29,1,0,1,1,0
95.7196426391602,6,61,1,0,1,1,0
22.972713470459,6,39,1,0,1,1,0
28.7397422790527,9,37,1,0,1,1,0
15.1045656204224,9,28,0,1,0,0,1
186.006118774414,16,33,1,0,1,1,0
29.8888664245605,16,50,0,1,1,1,0
65.4498825073242,16,26,0,1,1,1,0
62.5,21,45,0,1,1,1,0
44.5824241638184,15,38,0,1,0,0,1
8.18282794952393,9,43,1,0,1,1,0
16.6666660308838,7,38,1,0,1,1,0
29.4524478912354,13,47,0,1,1,1,0
15.3428030014038,12,42,0,1,0,0,1
36.8227272033691,9,47,1,0,1,1,0
27.6116695404053,9,47,1,0,1,1,0
35.7827949523926,12,49,0,1,1,1,0
49.6983222961426,19,34,1,0,1,1,0
185.057968139648,10,47,1,0,1,1,0
41.7465934753418,11,46,0,1,1,1,0
38.6676902770996,4,53,0,1,1,1,0
22.2912120819092,10,28,0,1,1,1,0
153.428024291992,8,42,1,0,0,0,1
43.5857810974121,16,32,1,0,1,1,0
39.758659362793,6,40,1,0,1,1,0
19.941593170166,8,32,1,0,1,1,0
12.5606517791748,6,36,1,0,1,1,0
83.4931869506836,12,51,1,0,1,1,0
19.3766098022461,11,29,0,1,1,1,0
13.7808294296265,9,49,1,0,1,1,0
26.9450531005859,4,60,1,0,0,0,1
19.690896987915,10,28,1,0,1,1,0
34.7222213745117,12,25,1,0,1,1,0
17.9642963409424,13,52,1,0,1,1,0
120.582260131836,12,59,0,1,1,1,0
19.2895240783691,10,33,0,1,1,1,0
163.624710083008,12,53,1,0,1,1,0
5.51129198074341,6,45,1,0,1,1,0
11.1603670120239,6,57,1,0,1,1,0
52.6462516784668,6,60,0,1,1,1,0
34.375,13,53,1,0,1,1,0
124.00407409668,17,43,0,1,1,1,0
10.1700859069824,12,31,0,1,1,1,0
80.3881759643555,10,44,1,0,1,1,0
14.3853015899658,11,27,0,1,1,1,0
74.7221603393555,18,39,0,1,1,1,0
100.788200378418,14,38,0,1,1,1,0
43.75,9,33,1,0,1,1,0
39.7921447753906,6,44,0,1,1,1,0
30.145565032959,11,27,1,0,1,1,0
47.8598213195801,8,53,1,0,1,1,0
8.97371673583984,7,26,0,1,1,1,0
52.5796737670898,16,33,0,1,1,1,0
38.5219535827637,13,46,0,1,1,1,0
90.6273956298828,16,58,0,1,1,1,0
21.479923248291,6,41,0,1,1,1,0
29.3738174438477,16,43,0,1,1,1,0
32.9036254882813,9,49,0,1,1,1,0
47.710391998291,7,29,0,1,1,1,0
204.901763916016,16,39,1,0,1,1,0
149.271514892578,20,43,0,1,1,1,0
82.6849822998047,18,59,0,1,1,1,0
98.1748275756836,12,37,1,0,1,1,0
28.0208110809326,12,37,1,0,1,1,0
49.8123207092285,14,26,1,0,1,1,0
36.4018974304199,9,41,1,0,1,1,0
117.952354431152,18,44,0,1,1,1,0
62.2653999328613,9,32,1,0,1,1,0
48.9563636779785,12,47,0,1,1,1,0
63.8978462219238,7,28,1,0,1,1,0
132.640487670898,16,55,0,1,1,1,0
6.81902360916138,6,39,1,0,1,1,0
8.5714282989502,8,30,0,1,1,1,0
36.7172698974609,15,38,0,1,1,1,0
122.718536376953,13,45,0,1,1,1,0
16.3862533569336,6,52,1,0,1,1,0
60.132080078125,16,40,1,0,1,1,0
49.0969696044922,13,29,0,1,1,1,0
41.5123138427734,20,44,1,0,1,1,0
23.8834419250488,9,26,1,0,1,1,0
12.274242401123,4,40,1,0,1,1,0
106.361282348633,16,54,0,1,1,1,0
48.2329063415527,7,61,1,0,1,1,0
141.134918212891,12,35,0,1,1,1,0
81.433479309082,10,42,0,1,1,1,0
55.1129264831543,11,39,1,0,0,0,0
44.8584747314453,10,43,0,1,1,1,0
23.92991065979,13,37,0,1,1,1,0
53.6030006408691,15,50,0,1,1,1,0
58.850902557373,12,56,1,0,1,1,0
7.97663640975952,6,31,0,1,0,0,1
40.1940879821777,12,51,1,0,1,1,0
100,16,37,0,1,1,1,0
75.5569915771484,8,51,1,0,1,1,0
156.756942749023,13,26,1,0,1,1,0
26.1812477111816,6,57,1,0,1,1,0
13.3980293273926,9,60,1,0,1,1,0
143.199493408203,20,54,0,1,1,1,0
17.6714687347412,3,65,0,1,1,1,0
52.9281997680664,9,42,1,0,0,0,0
166.041076660156,20,50,0,1,1,1,0
111.784317016602,12,60,1,0,1,1,0
16.8667640686035,5,65,0,1,1,1,0
82.4088592529297,13,44,1,0,1,1,0
18.4113636016846,12,49,0,1,1,1,0
81.8123550415039,10,40,1,0,1,1,0
18.4113636016846,6,48,1,0,1,1,0
321.552703857422,16,33,0,1,1,1,0
40.9141426086426,4,65,1,0,1,1,0
84.3854141235352,12,58,0,1,1,1,0
61.3592681884766,12,44,0,1,1,1,0
48.3346099853516,9,36,1,0,1,1,0
47.4511642456055,9,55,0,1,1,1,0
36.2648086547852,3,49,1,0,1,1,0
498.147766113281,14,53,1,0,1,1,0
89.4569854736328,17,39,1,0,1,1,0
47.710391998291,10,31,1,0,1,1,0
30.6856060028076,12,46,0,1,0,0,1
76.4943161010742,14,33,0,1,1,1,0
55.4626617431641,11,34,1,0,1,1,0
14.5003833770752,6,59,0,1,1,1,0
129.518417358398,13,31,0,1,1,1,0
71.5655899047852,13,43,1,0,1,1,0
89.4569854736328,15,57,0,1,1,1,0
106.581504821777,8,58,1,0,1,1,0
38.4190826416016,8,51,0,1,1,1,0
32.1552696228027,9,28,1,0,1,1,0
9.55337715148926,16,28,1,0,1,1,0
15.500509262085,10,25,1,0,1,1,0
120.836524963379,17,54,1,0,1,1,0
29.8873920440674,9,37,1,0,1,1,0
44.6428565979004,11,42,0,1,1,1,0
4.90874147415161,2,45,1,0,1,1,0
73.4345397949219,16,45,1,0,1,1,0
30.5977268218994,9,49,1,0,1,1,0
258.769348144531,18,54,1,0,1,1,0
30.6796340942383,14,26,1,0,1,1,0
39.5833320617676,12,37,1,0,1,1,0
9.79127216339111,5,56,1,0,1,1,0
65.275146484375,14,35,0,1,1,1,0
22.2222213745117,15,30,1,0,1,1,0
14.2088012695313,4,43,0,1,0,0,1
28.9397430419922,6,45,1,0,1,1,0
41.5102691650391,14,52,0,1,0,0,0
29.2623729705811,10,56,0,1,1,1,0
31.5141181945801,11,34,1,0,1,1,0
14.1071424484253,6,33,1,0,1,1,0
92.0568161010742,6,37,1,0,1,1,0
33.2359848022461,11,37,1,0,1,1,0
19.888521194458,4,58,1,0,1,1,0
116.658309936523,18,60,1,0,1,1,0
74.7184829711914,11,25,1,0,1,1,0
41.3346939086914,10,32,1,0,1,1,0
30.5977268218994,11,30,1,0,1,1,0
27.4050579071045,9,27,0,1,1,1,0
41.8773422241211,12,31,0,1,1,1,0
28.7993717193604,11,30,1,0,1,1,0
35.8251609802246,6,56,0,1,1,1,0
57.2524681091309,15,30,0,1,1,1,0
31.2932262420654,7,28,1,0,1,1,0
63.6432723999023,6,41,0,1,1,1,0
43.8480949401855,6,47,1,0,1,1,0
148.804885864258,18,38,0,1,1,1,0
32.1552696228027,14,46,0,1,1,1,0
28.3615875244141,6,54,1,0,1,1,0
205.113525390625,14,41,1,0,1,1,0
135.989883422852,17,46,1,0,1,1,0
80.5576858520508,14,46,0,1,0,0,0
77.8317489624023,20,45,0,1,1,1,0
8.26693820953369,9,48,1,0,1,1,0
48.9563636779785,15,42,1,0,1,1,0
188.179870605469,15,51,0,1,1,1,0
16.5554981231689,8,58,0,1,1,1,0
29.7341232299805,12,27,0,1,1,1,0
32.4430656433105,9,42,1,0,1,1,0
15.7146100997925,20,31,1,0,1,1,0
30.3301773071289,6,48,1,0,1,1,0
48.4310302734375,14,62,1,0,1,1,0
302.09130859375,16,33,1,0,1,1,0
24.1164531707764,14,34,0,1,1,1,0
6.8176965713501,8,59,0,1,1,1,0
5.25936603546143,6,35,1,0,1,1,0
311.326995849609,16,50,1,0,1,1,0
140.249755859375,20,47,1,0,1,1,0
162.751602172852,12,60,1,0,1,1,0
55.845947265625,6,42,1,0,1,1,0
132.940994262695,16,47,1,0,1,1,0
34.1011199951172,9,26,1,0,1,1,0
6.22654008865356,9,28,1,0,1,1,0
48.9563636779785,18,42,1,0,1,1,0
20.3552055358887,13,40,0,1,1,1,0
48.2329063415527,12,42,0,1,1,1,0
80.5576858520508,15,47,0,1,0,0,0
39.1580352783203,12,37,1,0,1,1,0
36.8227272033691,18,31,1,0,1,1,0
28.1957302093506,11,43,1,0,1,1,0
214.368469238281,17,46,0,1,1,1,0
29.8734760284424,11,47,0,1,1,1,0
26.8986530303955,17,31,1,0,1,1,0
93.3981018066406,15,32,1,0,1,1,0
131.203582763672,15,46,1,0,1,1,0
73.6311187744141,18,48,0,1,1,1,0
39.2718696594238,13,32,1,0,1,1,0
56.0597114562988,12,48,0,1,1,1,0
16.6666660308838,11,34,1,0,1,1,0
17.5849132537842,14,40,0,1,1,1,0
33.3333320617676,8,56,0,1,1,1,0
119.649551391602,17,54,1,0,1,1,0
79.6114730834961,18,30,1,0,1,1,0
109.587104797363,12,56,1,0,1,1,0
69.5540390014648,16,57,0,1,1,1,0
85.6736297607422,11,57,1,0,1,1,0
46.7013511657715,6,37,1,0,1,1,0
20.9386711120605,0,56,1,0,1,1,0
29.9123878479004,6,41,0,1,1,1,0
47.5897979736328,5,59,0,1,1,1,0
15.373348236084,12,60,0,1,1,1,0
20.9211750030518,4,29,1,0,1,1,0
93.003059387207,13,36,1,0,1,1,0
22.3345832824707,8,39,0,1,1,1,0
119.649551391602,6,59,1,0,1,1,0
11.6611852645874,13,25,1,0,0,0,0
24.9061603546143,15,25,1,0,1,1,0
24.8008155822754,12,25,0,1,1,1,0
53.9961547851563,14,57,1,0,1,1,0
64.3105392456055,12,47,0,1,1,1,0
36.8227272033691,14,30,1,0,1,1,0
9.54207801818848,6,34,0,1,0,0,1
67.3149948120117,18,50,0,1,1,1,0
151.045654296875,12,50,0,1,1,1,0
40.625,16,25,1,0,1,1,0
32.7249412536621,6,39,0,1,1,1,0
34.8348770141602,15,39,0,1,1,1,0
43.3333320617676,8,42,1,0,1,1,0
95.7196426391602,12,26,0,1,1,1,0
43.9189186096191,6,50,1,0,1,1,0
42.2037925720215,17,28,0,1,1,1,0
68.4953155517578,14,38,1,0,1,1,0
67.66845703125,11,45,0,1,1,1,0
104.331062316895,18,40,0,1,1,1,0
21.9519691467285,6,37,1,0,1,1,0
48.2238082885742,14,52,0,1,1,1,0
133.928573608398,12,37,1,0,0,0,0
47.8598213195801,16,45,0,1,1,1,0
248.008148193359,18,39,0,1,1,1,0
298.543029785156,17,53,1,0,1,1,0
24.3800830841064,10,29,0,1,1,1,0
53.5460205078125,12,36,0,1,0,0,0
25.2054901123047,6,33,1,0,1,1,0
12.2718534469604,7,45,1,0,1,1,0
27.2630805969238,11,36,1,0,1,1,0
4.09061765670776,4,56,0,1,1,1,0
75.4719009399414,20,36,1,0,1,1,0
23.7354125976563,10,30,1,0,1,1,0
33.7594909667969,10,32,1,0,1,1,0
7.2501916885376,4,50,0,1,1,1,0
125,13,51,1,0,1,1,0
25.5288143157959,6,32,0,1,1,1,0
22.35475730896,9,31,0,1,1,1,0
161.115371704102,12,35,0,1,1,1,0
13.8709697723389,7,58,0,1,1,1,0
39.2699317932129,6,51,0,1,1,1,0
12.9725971221924,12,36,1,0,0,0,1
292.661804199219,14,43,1,0,1,1,0
141.404022216797,10,61,1,0,1,1,0
268.688720703125,16,44,0,1,1,1,0
61.3712120056152,15,37,1,0,1,1,0
59.7777328491211,13,29,0,1,1,1,0
135.15788269043,17,54,1,0,1,1,0
17.0505599975586,15,37,0,1,1,1,0
227.713470458984,16,52,1,0,1,1,0
106.55445098877,12,42,0,1,1,1,0
19.143928527832,7,49,1,0,1,1,0
68.1577072143555,12,57,1,0,1,1,0
147.290908813477,18,48,0,1,1,1,0
31.0010185241699,9,28,1,0,1,1,0
79.6167068481445,16,29,1,0,1,1,0
68.2022399902344,15,36,1,0,1,1,0
19.5234031677246,6,45,0,1,0,0,1
59.9349174499512,14,62,1,0,1,1,0
12.5906839370728,16,34,0,1,1,1,0
28.5578765869141,16,42,1,0,1,1,0
18.0022220611572,6,56,0,1,0,0,0
37.5,16,25,1,0,1,1,0
24.9061603546143,6,58,1,0,1,1,0
34.0778350830078,9,29,1,0,1,1,0
44.2703323364258,12,65,1,0,1,1,0
33.0677528381348,12,49,0,1,1,1,0
83.4483413696289,13,33,1,0,1,1,0
38.3670845031738,7,29,0,1,1,1,0
26.0416660308838,7,31,0,1,1,1,0
67.9705429077148,9,55,1,0,1,1,0
36.3610458374023,17,45,0,1,1,1,0
53.7773132324219,12,49,0,1,0,0,1
20.7551345825195,8,38,0,1,0,0,1
30.3181571960449,9,40,0,1,1,1,0
62.1024208068848,16,36,0,1,1,1,0
30.5977268218994,10,49,0,1,1,1,0
80.3881759643555,17,53,0,1,1,1,0
39.1650886535645,16,29,0,1,1,1,0
49.0969696044922,6,63,0,1,1,1,0
22.3896255493164,12,55,1,0,1,1,0
18.3840866088867,7,59,0,1,1,1,0
25.8390579223633,14,41,1,0,1,1,0
30.145565032959,4,54,0,1,1,1,0
16.9868602752686,12,53,1,0,0,0,0
24.9073886871338,14,28,1,0,1,1,0
100.485214233398,13,51,0,1,1,1,0
13.9155302047729,13,38,0,1,1,1,0
32.1552696228027,18,28,0,1,1,1,0
48.3346099853516,11,29,1,0,1,1,0
197.421752929688,16,40,1,0,1,1,0
33.0677528381348,15,30,0,1,1,1,0
59.7086029052734,16,49,0,1,1,1,0
105.851181030273,15,44,1,0,0,0,1
59.8247756958008,13,52,1,0,1,1,0
18.2654190063477,3,54,1,0,1,1,0
68.1769638061523,16,33,0,1,1,1,0
2.04570698738098,0,60,0,1,1,1,0
12.2390909194946,12,27,0,1,1,1,0
37.2012214660645,7,42,0,1,1,1,0
19.941593170166,6,55,1,0,1,1,0
159.222946166992,12,43,1,0,1,1,0
31.011754989624,11,34,0,1,1,1,0
74.0386657714844,15,34,0,1,1,1,0
11.4951515197754,8,59,0,1,1,1,0
13.6742343902588,9,62,1,0,1,1,0
99.3966445922852,10,63,1,0,1,1,0
48.3036079406738,7,52,1,0,1,1,0
163.187881469727,17,41,1,0,1,1,0
87.1715621948242,16,34,0,1,1,1,0
7.47221660614014,12,56,1,0,1,1,0
54.5261611938477,16,37,0,1,1,1,0
40.1940879821777,15,57,0,1,1,1,0
65.3153915405273,9,46,1,0,1,1,0
214.757431030273,10,52,1,0,1,1,0
86.4468002319336,10,48,1,0,1,1,0
63.8273735046387,18,33,0,1,1,1,0
12.2390909194946,16,30,0,1,1,1,0
83.5920486450195,16,38,0,1,1,1,0
49.6016311645508,17,41,0,1,1,1,0
105.403465270996,15,27,0,1,1,1,0
15.2988634109497,10,26,0,1,1,1,0
42.2037925720215,12,40,0,1,1,1,0
59.7747840881348,12,38,0,1,1,1,0
46.6251068115234,16,55,1,0,1,1,0
39.2699317932129,10,32,0,1,1,1,0
238.834411621094,16,58,0,1,1,1,0
35.4166679382324,14,34,0,1,1,1,0
23.92991065979,10,29,0,1,1,1,0
42.8571434020996,10,40,0,1,1,1,0
15.2988634109497,13,55,0,1,1,1,0
105.187316894531,11,44,1,0,0,0,0
367.172729492188,17,42,0,1,1,1,0
47.8598213195801,12,63,1,0,1,1,0
24.9061603546143,14,28,0,1,1,1,0
75.8600158691406,16,55,0,1,0,0,1
41.7960243225098,16,25,0,1,1,1,0
72.8444976806641,16,36,0,1,1,1,0
77.1252288818359,13,29,1,0,1,1,0
62.0969467163086,18,37,0,1,1,1,0
16.9171142578125,6,36,0,1,1,1,0
39.805736541748,12,31,0,1,1,1,0
35.0425910949707,14,28,0,1,0,0,1
20.1506633758545,9,41,1,0,0,0,0
63.5324058532715,11,42,1,0,1,1,0
40.9141426086426,15,37,0,1,1,1,0
39.758659362793,14,25,0,1,1,1,0
18.3673477172852,8,45,1,0,1,1,0
47.0512619018555,8,54,0,1,1,1,0
200.474105834961,12,33,1,0,1,1,0
78.3784713745117,15,44,0,1,1,1,0
94.1468505859375,15,37,0,1,1,1,0
20.7561569213867,6,38,1,0,0,0,1
27.3340797424316,8,39,1,0,1,1,0
51.0544929504395,16,44,0,1,1,1,0
321.625,12,63,1,0,1,1,0
73.6454544067383,7,45,1,0,1,1,0
42.5420608520508,17,25,1,0,1,1,0
68.1902313232422,17,51,1,0,1,1,0
22.1399002075195,8,37,0,1,1,1,0
23.5135402679443,20,41,0,1,1,1,0
20.453088760376,6,53,0,1,1,1,0
25.9400234222412,6,53,0,1,1,1,0
90.6273956298828,18,52,1,0,1,1,0
15.625,12,27,0,1,1,1,0
33.0677528381348,12,50,1,0,1,1,0
107.475486755371,16,25,1,0,1,1,0
27.6170444488525,12,28,1,0,1,1,0
60.4182624816895,13,33,0,1,1,1,0
39.758659362793,15,34,1,0,1,1,0
29.109302520752,8,51,1,0,1,1,0
61.3712120056152,16,26,0,1,1,1,0
21.875,12,30,1,0,1,1,0
21.7007141113281,15,54,0,1,1,1,0
19.5825443267822,8,37,0,1,1,1,0
47.710391998291,12,37,1,0,1,1,0
9.93966484069824,10,31,0,1,1,1,0
35.5478324890137,10,56,0,1,1,1,0
23.6111106872559,6,46,0,1,1,1,0
13.4337749481201,12,31,0,1,1,1,0
13.8995265960693,8,32,0,1,0,0,1
57.8685684204102,10,33,1,0,0,0,0
19.990514755249,12,25,0,1,1,1,0
92.0389022827148,12,60,1,0,1,1,0
104.50463104248,15,58,1,0,1,1,0
143.300643920898,14,50,0,1,1,1,0
94.6108856201172,13,42,0,1,1,1,0
25.5663604736328,12,27,0,1,1,1,0
62.3680305480957,11,32,1,0,1,1,0
40.906177520752,6,65,0,1,1,1,0
59.7086029052734,12,48,0,1,1,1,0
25.619026184082,6,58,0,1,1,1,0
27.1979789733887,12,32,1,0,1,1,0
24.8008155822754,12,40,1,0,1,1,0
36.6590690612793,15,26,1,0,1,1,0
24.9073886871338,10,40,0,1,1,1,0
16.3187866210938,0,31,1,0,1,1,0
103.775665283203,16,47,1,0,1,1,0
46.6717338562012,9,46,0,1,1,1,0
12.4530801773071,18,40,0,1,1,1,0
21.6733894348145,6,65,1,0,1,1,0
19.941593170166,6,50,1,0,0,0,1
21.2046184539795,6,32,0,1,1,1,0
12.2390909194946,4,27,1,0,1,1,0
14.1666669845581,6,52,0,1,1,1,0
46.347240447998,12,47,0,1,1,1,0
31.1326999664307,10,33,1,0,1,1,0
59.7747840881348,15,34,0,1,1,1,0
49.8123207092285,12,45,0,1,1,1,0
104.310752868652,17,43,1,0,1,1,0
71.7897338867188,16,63,0,1,1,1,0
90.6273956298828,16,54,0,1,1,1,0
11.1324253082275,9,25,1,0,0,0,0
32.800895690918,6,28,1,0,1,1,0
77.872428894043,9,26,1,0,0,0,0
49.4995307922363,11,31,1,0,1,1,0
121.926559448242,15,51,0,1,1,1,0
19.941593170166,18,45,0,1,1,1,0
64.7560195922852,16,28,0,1,1,1,0
84.407585144043,15,40,1,0,1,1,0
18.6006107330322,6,43,1,0,1,1,0
42.6955757141113,11,45,0,1,1,1,0
20.1394214630127,11,29,0,1,0,0,1
60.291130065918,16,41,0,1,1,1,0
29.9123878479004,12,38,0,1,1,1,0
87.6064834594727,13,44,1,0,1,1,0
51.6683654785156,17,43,1,0,1,1,0
38.5790481567383,8,34,1,0,1,1,0
16.9607715606689,15,47,1,0,1,1,0
7.96114683151245,8,27,1,0,1,1,0
37.3610801696777,12,58,0,1,0,0,0
49.8123207092285,16,26,0,1,1,1,0
72.5019149780273,15,29,0,1,1,1,0
31.1342353820801,10,34,0,1,1,1,0
34.7211418151855,16,53,0,1,0,0,1
35.15625,14,27,1,0,1,1,0
63.4900894165039,16,40,0,1,1,1,0
56.8341331481934,6,56,0,1,1,1,0
99.624641418457,13,49,1,0,1,1,0
33.7475967407227,6,43,1,0,1,1,0
19.084156036377,11,40,0,1,1,1,0
49.8123207092285,17,55,0,1,1,1,0
33.5018730163574,11,29,0,1,1,1,0
12.0836524963379,6,46,0,1,0,0,0
12.2718534469604,12,59,0,1,1,1,0
33.7181968688965,8,41,0,1,1,1,0
38.8888893127441,15,29,1,0,1,1,0
72.3493576049805,17,44,0,1,1,1,0
73.6311187744141,9,50,1,0,1,1,0
52.701732635498,15,27,0,1,1,1,0
343.75,11,65,1,0,1,1,0
18.4113636016846,7,50,0,1,1,1,0
29.0586185455322,7,33,0,1,1,1,0
167.509368896484,17,40,1,0,1,1,0
159.534088134766,16,64,0,1,1,1,0
22.5086898803711,9,45,0,1,0,0,0
119.417205810547,14,56,0,1,1,1,0
107.932014465332,16,30,1,0,1,1,0
48.2329063415527,6,58,1,0,1,1,0
65.8250885009766,6,42,1,0,1,1,0
145.285934448242,18,48,0,1,1,1,0
68.7223815917969,6,47,1,0,1,1,0
56.8967742919922,6,47,1,0,1,1,0
24.5437068939209,9,26,0,1,1,1,0
22.2648506164551,10,48,0,1,1,1,0
21.4696769714355,12,64,0,1,1,1,0
10.4906492233276,8,42,1,0,1,1,0
33.7475967407227,9,40,1,0,1,1,0
88.4824142456055,6,52,1,0,1,1,0
30.4423637390137,12,25,1,0,1,1,0
40.7969703674316,18,33,0,1,1,1,0
22.2339210510254,6,46,0,1,1,1,0
4.10227012634277,2,42,1,0,1,1,0
77.7777786254883,13,53,1,0,1,1,0
29.8189945220947,12,44,0,1,1,1,0
122.390907287598,16,47,0,1,1,1,0
9.83539199829102,13,52,0,1,1,1,0
97.912727355957,18,45,0,1,1,1,0
27.5252246856689,13,59,1,0,1,1,0
36.815559387207,14,38,1,0,1,1,0
11.053373336792,6,62,0,1,1,1,0
38.7132759094238,10,36,0,1,1,1,0
47.0826225280762,16,37,0,1,1,1,0
24.8008155822754,15,43,1,0,1,1,0
14.8313760757446,11,55,0,1,1,1,0
33.1601219177246,9,39,1,0,1,1,0
66.9901428222656,10,39,1,0,1,1,0
15.2737531661987,6,52,0,1,1,1,0
100.697105407715,6,63,1,0,1,1,0
79.6114730834961,9,42,1,0,1,1,0
114.58332824707,9,56,1,0,1,1,0
8.0949010848999,5,31,1,0,1,1,0
24.1164531707764,16,38,0,1,1,1,0
85.7939376831055,16,45,0,1,1,1,0
23.2507648468018,11,28,0,1,1,1,0
124.53694152832,18,49,1,0,1,1,0
37.3610801696777,6,42,0,1,1,1,0
95.5337677001953,4,45,0,1,0,0,1
49.0969696044922,7,48,1,0,1,1,0
73.4345397949219,15,28,1,0,1,1,0
21.482048034668,4,48,1,0,1,1,0
70.7416000366211,12,61,1,0,1,1,0
46.4285697937012,14,35,1,0,1,1,0
81.8282852172852,12,46,1,0,1,1,0
47.8965759277344,12,52,1,0,1,1,0
91.7931823730469,16,45,0,1,1,1,0
81.5939407348633,18,36,1,0,1,1,0
104.906494140625,17,51,1,0,1,1,0
79.7663726806641,8,52,1,0,1,1,0
39.758659362793,9,29,1,0,1,1,0
53.7377433776855,17,48,1,0,1,1,0
8.95629024505615,7,37,0,1,1,1,0
15.0727825164795,11,28,0,1,1,1,0
47.2466354370117,15,33,1,0,1,1,0
41.6666679382324,15,56,0,1,0,0,1
34.7222213745117,6,51,0,1,1,1,0
86.8028564453125,20,46,0,1,1,1,0
19.8276386260986,12,32,0,1,1,1,0
30,9,50,0,1,1,1,0
33.3333320617676,6,57,1,0,1,1,0
115.398193359375,17,35,0,1,1,1,0
39.2775764465332,6,56,0,1,1,1,0
14.2088012695313,9,27,1,0,1,1,0
3.2637574672699,11,26,0,1,0,0,0
19.6387882232666,6,48,1,0,1,1,0
71.3812866210938,6,52,1,0,1,1,0
57.2765731811523,12,35,1,0,1,1,0
27.9851322174072,12,48,0,1,1,1,0
45.1486434936523,10,30,1,0,1,1,0
21.7122192382813,12,26,0,1,1,1,0
161.115371704102,17,53,1,0,1,1,0
63.801685333252,6,39,0,1,1,1,0
34.1924476623535,15,44,0,1,1,1,0
33.2098503112793,14,25,1,0,1,1,0
154.606353759766,15,63,1,0,1,1,0
36.3636360168457,9,46,1,0,1,1,0
71.7897338867188,12,46,0,1,1,1,0
75.5648880004883,16,45,0,1,1,1,0
60.6910018920898,9,38,1,0,1,1,0
248.008148193359,18,41,1,0,1,1,0
36.815559387207,4,47,1,0,1,1,0
42.951488494873,11,54,1,0,0,0,0
5.11426782608032,6,60,1,0,1,1,0
49.6016311645508,11,35,1,0,1,1,0
19.902868270874,6,37,0,1,1,1,0
49.6016311645508,6,50,1,0,1,1,0
50.7523155212402,12,49,1,0,1,1,0
24.5484848022461,11,43,1,0,1,1,0
10.8908491134644,6,65,0,1,1,1,0
62.3080978393555,14,34,1,0,1,1,0
18.2537288665771,10,47,1,0,1,1,0
24.9073886871338,14,36,1,0,1,1,0
378.280944824219,18,43,0,1,1,1,0
49.8123207092285,5,38,1,0,1,1,0
18.8456039428711,1,56,0,1,1,1,0
24.5437068939209,5,62,1,0,1,1,0
20.0970439910889,13,26,1,0,1,1,0
24.7165622711182,8,39,1,0,0,0,0
69.049446105957,8,39,1,0,1,1,0
42.409236907959,16,46,0,1,1,1,0
30.145565032959,6,55,0,1,1,1,0
30.2091312408447,6,47,1,0,1,1,0
61.6309356689453,12,32,0,1,1,1,0
7.97036409378052,3,63,0,1,1,1,0
25,16,29,1,0,1,1,0
28.464183807373,12,60,0,1,1,1,0
89.2176361083984,7,64,0,1,1,1,0
30.5664710998535,8,47,0,1,1,1,0
31.6528434753418,6,33,0,1,1,1,0
33.5657005310059,12,55,0,1,1,1,0
21.4184074401855,17,42,0,1,1,1,0
8.97371673583984,9,30,0,1,1,1,0
41.5123138427734,16,60,0,1,0,0,1
134.629989624023,16,51,0,1,1,1,0
38.957893371582,14,51,0,1,1,1,0
95.420783996582,17,44,1,0,1,1,0
4.09141397476196,10,55,0,1,1,1,0
30.7725715637207,10,33,0,1,1,1,0
16.111536026001,14,33,0,1,0,0,1
37.3589172363281,8,33,1,0,1,1,0
32.7249412536621,9,34,1,0,1,1,0
10.7905426025391,10,61,0,1,1,1,0
45.0923919677734,9,59,1,0,1,1,0
84.5855712890625,14,52,0,1,1,1,0
39.6813049316406,12,25,1,0,1,1,0
22.6568489074707,8,64,1,0,1,1,0
20.7551345825195,15,30,1,0,1,1,0
26.1225147247314,8,43,0,1,1,1,0
77.7722091674805,14,31,0,1,1,1,0
86.8975448608398,16,50,0,1,1,1,0
66.6666641235352,10,35,1,0,1,1,0
26.2848930358887,16,27,0,1,1,1,0
59.8247756958008,18,41,0,1,1,1,0
46.8931007385254,12,56,1,0,1,1,0
11.8837242126465,14,33,1,0,1,1,0
102.711044311523,12,55,1,0,1,1,0
15.5663499832153,12,59,0,1,1,1,0
120.836524963379,17,54,0,1,1,1,0
26.5371589660645,11,51,1,0,1,1,0
27.2019596099854,9,41,0,1,1,1,0
54.3959579467773,12,31,1,0,1,1,0
84.818473815918,18,37,1,0,1,1,0
48.3346099853516,16,46,1,0,1,1,0
66.4719696044922,6,49,1,0,1,1,0
26.2266235351563,10,25,0,1,1,1,0
140.749542236328,16,63,1,0,1,1,0
17.8999366760254,9,35,0,1,1,1,0
34.7702522277832,14,63,0,1,1,1,0
44.1176452636719,14,30,0,1,1,1,0
63.8130912780762,16,45,0,1,1,1,0
74.5474853515625,10,54,1,0,1,1,0
38.6676902770996,11,41,0,1,1,1,0
32.0419387817383,12,25,1,0,1,1,0
23.92991065979,15,26,0,1,1,1,0
35.7005882263184,16,54,0,1,1,1,0
41.5102691650391,10,44,0,1,1,1,0
22.220630645752,8,25,1,0,1,1,0
114.583335876465,12,60,1,0,1,1,0
136.98388671875,8,53,1,0,1,1,0
35.7403411865234,10,33,0,1,1,1,0
20.7551345825195,12,33,1,0,1,1,0
130.925247192383,20,50,0,1,1,1,0
12.4536943435669,6,53,1,0,1,1,0
23.1925506591797,17,48,0,1,1,1,0
31.8221073150635,15,31,0,1,1,1,0
40.7969703674316,19,31,1,0,1,1,0
24.5484848022461,11,40,0,1,1,1,0
103.775665283203,18,44,1,0,1,1,0
35.8948669433594,6,50,0,1,1,1,0
26.3306674957275,14,25,0,1,1,1,0
60.291130065918,13,30,0,1,1,1,0
59.7086029052734,20,37,0,1,1,1,0
31.25,11,33,1,0,1,1,0
37.9771919250488,6,37,1,0,1,1,0
24.1164531707764,3,46,1,0,1,1,0
22.3040504455566,14,39,0,1,1,1,0
42.1024703979492,6,61,0,1,1,1,0
17.9116992950439,10,31,0,1,1,1,0
43.6417503356934,14,25,1,0,1,1,0
27.10817527771,10,27,0,1,1,1,0
28.1951885223389,6,52,1,0,1,1,0
15.7362079620361,12,46,0,1,1,1,0
38.5761871337891,8,36,1,0,1,1,0
12.2718534469604,8,27,1,0,1,1,0
47.710391998291,9,58,1,0,1,1,0
226.568481445313,18,59,1,0,1,1,0
191.067535400391,12,49,1,0,1,1,0
59.1556053161621,11,28,0,1,1,1,0
15.3398170471191,4,25,1,0,1,1,0
30.2091312408447,6,39,1,0,0,0,1
75.3639144897461,20,39,1,0,1,1,0
22.1573238372803,4,46,1,0,1,1,0
61.3592681884766,8,27,1,0,1,1,0
18.3749465942383,9,51,1,0,1,1,0
56.5229339599609,6,43,1,0,1,1,0
63.8705635070801,12,43,1,0,1,1,0
24.4781818389893,16,35,0,1,1,1,0
20,10,27,1,0,1,1,0
35.7827949523926,9,38,1,0,1,1,0
57.8306159973145,10,61,0,1,1,1,0
51.2550201416016,12,43,1,0,1,1,0
35.4297370910645,8,52,0,1,1,1,0
17.534631729126,19,41,1,0,1,1,0
3.57142853736877,10,26,1,0,1,1,0
77.6105194091797,16,41,1,0,1,1,0
80.5576858520508,14,37,0,1,1,1,0
124.530799865723,15,61,1,0,1,1,0
45.9645843505859,9,28,1,0,1,1,0
18.4113636016846,8,51,0,1,1,1,0
28.4655857086182,6,50,1,0,0,0,0
42.951488494873,15,35,1,0,1,1,0
5.51129198074341,4,65,1,0,1,1,0
97.912727355957,6,60,1,0,1,1,0
266.526397705078,18,47,1,0,1,1,0
65.2797393798828,16,41,0,1,1,1,0
53.011547088623,12,35,1,0,1,1,0
28.2252635955811,12,25,0,1,1,1,0
15.9034633636475,8,46,1,0,1,1,0
25.4042835235596,6,53,0,1,1,1,0
21.8787746429443,9,36,1,0,1,1,0
62.3623199462891,6,64,1,0,1,1,0
48.2329063415527,15,34,0,1,1,1,0
40.9979705810547,16,42,0,1,1,1,0
14.2857141494751,16,37,0,1,1,1,0
37.3592414855957,9,52,0,1,1,1,0
19.941593170166,9,44,1,0,1,1,0
76.3366241455078,19,47,1,0,1,1,0
50,12,41,0,1,1,1,0
189.445129394531,20,55,0,1,1,1,0
119.275978088379,18,40,1,0,1,1,0
161.519561767578,17,36,1,0,1,1,0
27.1310081481934,6,55,1,0,1,1,0
28.715892791748,15,29,0,1,1,1,0
40.9100494384766,12,51,0,1,1,1,0
29.9123878479004,6,34,0,1,1,1,0
22.6419639587402,9,31,1,0,1,1,0
6,4,40,1,0,1,1,0
306.709655761719,17,38,0,1,1,1,0
33.7541656494141,12,39,1,0,1,1,0
20.6673469543457,10,45,1,0,1,1,0
50.7236633300781,16,50,0,1,1,1,0
4.48766660690308,6,40,0,1,1,1,0
181.144638061523,16,39,1,0,1,1,0
25.8431301116943,6,38,0,1,0,0,0
29.9123878479004,11,49,0,1,1,1,0
49.6016311645508,6,47,0,1,1,1,0
100,18,30,1,0,1,1,0
41.0744094848633,6,28,0,1,1,1,0
17.1839389801025,10,41,1,0,1,1,0
48.2383346557617,8,31,0,1,1,1,0
16.6049251556396,12,37,0,1,1,1,0
24.2155151367188,12,38,1,0,1,1,0
103.360565185547,21,54,0,1,1,1,0
35.8251609802246,12,37,0,1,1,1,0
31.25,10,46,1,0,1,1,0
54.5261611938477,8,49,0,1,1,1,0
18.6796207427979,10,29,1,0,1,1,0
65.4626235961914,6,46,1,0,1,1,0
31.6613826751709,7,41,0,1,1,1,0
40.4745063781738,17,31,1,0,1,1,0
19.9249286651611,9,31,1,0,1,1,0
28.6343231201172,12,28,1,0,1,1,0
48.9563636779785,9,38,1,0,1,1,0
141.835693359375,12,49,0,1,1,1,0
49.6016311645508,19,45,1,0,1,1,0
7.47184801101685,6,48,0,1,1,1,0
55.6322288513184,8,59,1,0,1,1,0
30.6856060028076,14,51,0,1,1,1,0
16.7509365081787,6,46,0,1,1,1,0
95.453125,14,44,0,1,1,1,0
48.6111106872559,16,25,0,1,1,1,0
20.7561569213867,3,56,1,0,1,1,0
20.4570713043213,6,33,1,0,1,1,0
16.5835857391357,12,40,1,0,1,1,0
148.804885864258,12,39,0,1,1,1,0
62.2684707641602,8,56,0,1,1,1,0
109.734733581543,16,64,1,0,1,1,0
20.7551345825195,8,42,0,1,1,1,0
26.5371589660645,6,39,0,1,1,1,0
38.5790481567383,8,39,1,0,1,1,0
63.6227874755859,10,52,1,0,1,1,0
68.2022399902344,15,43,0,1,1,1,0
30.4690475463867,12,31,1,0,1,1,0
30.3756160736084,9,49,0,1,1,1,0
72.5,15,46,0,1,1,1,0
37.5224761962891,15,57,0,1,1,1,0
49.7571678161621,12,55,1,0,1,1,0
146.869079589844,17,41,1,0,1,1,0
30.0964279174805,11,38,1,0,1,1,0
41.4296684265137,9,52,1,0,1,1,0
41.3346939086914,16,28,0,1,1,1,0
16.8815174102783,6,30,0,1,0,0,1
11.40625,8,61,1,0,1,1,0
76.6990814208984,12,36,1,0,1,1,0
49.8123207092285,14,25,1,0,1,1,0
39.361701965332,17,49,0,1,1,1,0
20.1228790283203,7,30,0,1,1,1,0
17.2834568023682,12,40,1,0,1,1,0
105.555557250977,16,45,0,1,1,1,0
96.6873321533203,12,54,1,0,1,1,0
22.8612289428711,6,50,1,0,1,1,0
27.0378589630127,9,44,0,1,1,1,0
97.2152633666992,17,36,0,1,1,1,0
58.2522964477539,19,49,1,0,1,1,0
286.601287841797,16,52,1,0,1,1,0
62.5,9,30,1,0,1,1,0
49.0969696044922,14,35,0,1,1,1,0
82.6693878173828,18,36,0,1,1,1,0
19.084156036377,7,28,0,1,1,1,0
34.3815155029297,6,53,0,1,1,1,0
46.6330413818359,8,53,1,0,1,1,0
122.718536376953,16,31,0,1,1,1,0
101.992416381836,6,60,1,0,1,1,0
138.888885498047,15,40,0,1,1,1,0
29.8189945220947,12,33,0,1,1,1,0
20.0383644104004,8,53,1,0,1,1,0
14.0880279541016,6,45,1,0,1,1,0
49.8147773742676,13,57,1,0,1,1,0
79.5173187255859,16,58,0,1,1,1,0
45,17,55,1,0,1,1,0
15.441819190979,8,42,0,1,1,1,0
26.1053581237793,4,45,1,0,1,1,0
72.5019149780273,12,59,1,0,1,1,0
33.0677528381348,15,50,0,1,1,1,0
16.5857238769531,10,31,1,0,1,1,0
41.7960243225098,18,36,0,1,1,1,0
23.92991065979,14,31,0,1,0,0,1
88.7099227905273,18,50,1,0,1,1,0
20.8278465270996,10,50,0,1,1,1,0
695.776550292969,20,58,0,1,1,1,0
85.9029769897461,9,25,1,0,1,1,0
78.8695068359375,18,29,1,0,1,1,0
78.0489883422852,6,30,0,1,1,1,0
47.7668838500977,17,28,0,1,1,1,0
85.9196929931641,12,64,1,0,1,1,0
40.5538330078125,15,26,0,1,1,1,0
71.6963348388672,14,29,0,1,0,0,0
63.8130912780762,16,32,0,1,1,1,0
39.777042388916,12,31,0,1,1,1,0
3.06856060028076,2,53,0,1,1,1,0
13.8367557525635,6,32,0,1,1,1,0
7.34345436096191,10,39,0,1,1,1,0
30.2091312408447,6,55,1,0,1,1,0
82.1195220947266,7,44,1,0,1,1,0
75.9668273925781,20,48,0,1,1,1,0
23.358211517334,9,41,0,1,1,1,0
76.7895278930664,12,27,1,0,1,1,0
24.4938907623291,4,48,0,1,1,1,0
24.4737720489502,11,26,1,0,0,0,0
36.1892280578613,6,51,1,0,0,0,0
48.4286460876465,6,57,0,1,1,1,0
100,6,45,0,1,1,1,0
8.51971340179443,12,53,1,0,1,1,0
83.0205383300781,13,44,1,0,1,1,0
38.5863227844238,8,34,1,0,1,1,0
297.609771728516,18,50,1,0,1,1,0
214.820495605469,14,53,1,0,1,1,0
49.8539772033691,10,29,1,0,1,1,0
27.4050579071045,10,30,1,0,1,1,0
15.2988634109497,12,36,0,1,1,1,0
149.094970703125,14,52,1,0,1,1,0
76.6666641235352,10,52,0,1,1,1,0
13.3333330154419,6,65,0,1,1,1,0
124.00407409668,12,42,1,0,1,1,0
42.9901962280273,8,54,1,0,1,1,0
56.25,15,27,0,1,1,1,0
33.0677528381348,15,38,0,1,1,1,0
24.4781818389893,12,29,1,0,1,1,0
54.2620162963867,16,53,0,1,1,1,0
39.5355377197266,6,45,0,1,1,1,0
63.8130912780762,16,28,0,1,1,1,0
38.1791000366211,15,38,1,0,1,1,0
40.1940879821777,2,33,1,0,1,1,0
23.8003940582275,12,34,0,1,1,1,0
28.3333339691162,12,28,0,1,1,1,0
49.0969696044922,15,48,0,1,1,1,0
30.2091312408447,8,47,1,0,1,1,0
12.2934865951538,6,44,0,1,0,0,0
87.5,16,30,1,0,1,1,0
33.7630348205566,7,35,1,0,1,1,0
98.1748275756836,12,28,0,1,1,1,0
25.1213035583496,10,29,1,0,1,1,0
59.6379890441895,14,40,0,1,1,1,0
92.0568161010742,16,48,0,1,1,1,0
37.8751564025879,6,50,1,0,0,0,0
41.6666679382324,9,40,1,0,1,1,0
21.9357509613037,13,46,0,1,1,1,0
20.4081630706787,11,35,0,1,1,1,0
63.6222877502441,13,31,1,0,1,1,0
40,6,32,1,0,1,1,0
24.9073886871338,6,62,0,1,1,1,0
7.95173168182373,6,48,1,0,1,1,0
28.715892791748,8,33,1,0,1,1,0
37.5,13,49,0,1,1,1,0
104.032272338867,18,31,0,1,1,1,0
8.15939331054688,12,52,1,0,1,1,0
23.92991065979,8,39,0,1,1,1,0
55.3470230102539,11,51,1,0,1,1,0
20.453088760376,9,29,1,0,1,1,0
36.167854309082,12,41,1,0,0,0,1
47.7668838500977,13,34,1,0,1,1,0
47.7668838500977,12,28,1,0,1,1,0
19.1067543029785,6,61,1,0,1,1,0
28.9342842102051,6,61,1,0,1,1,0
24.9073886871338,13,27,1,0,1,1,0
37.3904838562012,6,42,1,0,1,1,0
59.8247756958008,14,49,1,0,1,1,0
71.6503219604492,6,41,1,0,0,0,1
67.5260696411133,16,36,0,1,1,1,0
178.913970947266,17,43,1,0,1,1,0
17.0793514251709,6,40,0,1,0,0,1
21,12,46,0,1,1,1,0
31.8445873260498,15,52,0,1,1,1,0
15.9034633636475,15,39,1,0,0,0,0
49.8147773742676,16,64,0,1,1,1,0
83.3333358764648,15,26,1,0,1,1,0
169.940979003906,17,39,0,1,1,1,0
81.9998168945313,14,39,0,1,1,1,0
16.9823093414307,8,25,1,0,1,1,0
10.5674295425415,9,27,1,0,1,1,0
14.5003833770752,10,51,0,1,1,1,0
13.4629993438721,5,62,1,0,1,1,0
27.9182281494141,12,62,0,1,1,1,0
19.1067543029785,7,40,0,1,1,1,0
19.8406524658203,12,43,1,0,1,1,0
8.8954963684082,6,30,1,0,1,1,0
48.3346099853516,13,30,0,1,1,1,0
120.582260131836,15,30,1,0,1,1,0
133.589096069336,17,50,1,0,1,1,0
150.727828979492,15,64,1,0,1,1,0
25.2777786254883,17,30,1,0,1,1,0
36.8421783447266,16,35,0,1,0,0,0
183.671524047852,11,34,0,1,1,1,0
68.9041519165039,16,56,0,1,1,1,0
32.9554138183594,18,33,1,0,1,1,0
7.3645453453064,12,63,0,1,1,1,0
47.710391998291,6,56,1,0,1,1,0
17.8964519500732,10,38,1,0,0,0,0
71.1639709472656,9,47,1,0,1,1,0
17.0394268035889,9,53,1,0,1,1,0
41.5102691650391,6,64,1,0,1,1,0
39.758659362793,12,39,0,1,0,0,0
40.680061340332,18,35,1,0,1,1,0
55.1129264831543,6,60,1,0,1,1,0
49.8123207092285,3,65,1,0,1,1,0
25.9439163208008,7,27,1,0,1,1,0
6.8176965713501,9,38,1,0,1,1,0
12.5,6,58,1,0,1,1,0
11.899115562439,6,40,1,0,1,1,0
34.2370185852051,10,35,1,0,1,1,0
24.1164531707764,11,29,1,0,1,1,0
70.9867248535156,12,49,1,0,1,1,0
12.5,6,65,0,1,0,0,1
37.3610801696777,9,29,1,0,1,1,0
160.776351928711,12,58,1,0,1,1,0
19.941593170166,6,61,1,0,1,1,0
8.59029769897461,7,42,1,0,1,1,0
29.3333339691162,15,28,1,0,1,1,0
15.1261796951294,6,46,1,0,1,1,0
40.1940879821777,6,29,1,0,1,1,0
25.9451942443848,11,31,1,0,1,1,0
28.5397167205811,8,39,1,0,1,1,0
16.0333404541016,6,40,1,0,1,1,0
11.964955329895,8,63,0,1,1,1,0
66.4197006225586,9,55,1,0,1,1,0
25.8341827392578,6,49,1,0,0,0,1
207.561553955078,16,45,1,0,1,1,0
76.0053024291992,16,39,1,0,1,1,0
52.5260963439941,9,46,1,0,1,1,0
162.841644287109,12,59,1,0,1,1,0
48.0116882324219,16,27,0,1,1,1,0
21.031867980957,12,26,1,0,1,1,0
26.5840358734131,6,48,0,1,1,1,0
61.4933929443359,16,43,0,1,1,1,0
38.5686798095703,11,32,0,1,1,1,0
43.8365783691406,15,31,1,0,1,1,0
125,12,59,0,1,1,1,0
15.9222936630249,9,25,0,1,1,1,0
47.710391998291,12,28,1,0,1,1,0
119.417205810547,7,38,1,0,0,0,1
28.4176025390625,3,63,1,0,1,1,0
16.7343444824219,12,32,1,0,1,1,0
104.50463104248,15,60,1,0,1,1,0
50.2426071166992,16,50,1,0,1,1,0
12.5,14,36,0,1,0,0,0
42.1940803527832,15,37,0,1,1,1,0
30.2501182556152,10,60,0,1,1,1,0
14.9094972610474,8,34,1,0,1,1,0
25,8,31,1,0,0,0,0
747.809692382813,20,50,1,0,1,1,0
106.533706665039,18,37,1,0,1,1,0
21.7583827972412,5,63,0,1,1,1,0
28.0194301605225,14,43,0,1,1,1,0
186.796203613281,16,63,1,0,1,1,0
84.5482330322266,10,47,0,1,1,1,0
21.4696769714355,7,41,0,1,0,0,0
39.805736541748,12,35,1,0,1,1,0
30.4816398620605,13,25,1,0,1,1,0
42.5985641479492,13,38,0,1,1,1,0
22.2222213745117,9,43,0,1,1,1,0
21.6865406036377,6,26,1,0,1,1,0
47.8598213195801,13,30,0,1,1,1,0
12.4004077911377,4,47,0,1,1,1,0
12.2718534469604,6,30,1,0,0,0,1
79.7663726806641,11,45,1,0,1,1,0
102.236557006836,20,50,0,1,1,1,0
18.6006107330322,4,46,0,1,0,0,1
15.3428030014038,14,28,0,1,1,1,0
150,9,44,0,1,1,1,0
90.2263336181641,20,34,0,1,1,1,0
68.8911514282227,12,32,1,0,1,1,0
28.1075916290283,6,58,0,1,1,1,0
111.607139587402,20,42,1,0,1,1,0
18.1872653961182,9,44,1,0,1,1,0
28.4274406433105,10,52,0,1,1,1,0
14.3131170272827,6,37,0,1,0,0,0
50.3243942260742,9,33,1,0,0,0,0
65.3786697387695,14,25,1,0,1,1,0
107.184234619141,17,35,1,0,1,1,0
17.8964519500732,6,54,0,1,1,1,0
21.7928905487061,9,26,1,0,1,1,0
16.6181354522705,12,30,0,1,0,0,1
19.9249286651611,12,35,1,0,1,1,0
45.6635437011719,14,37,0,1,0,0,1
69.2619781494141,16,49,0,1,1,1,0
234.712493896484,20,33,0,1,1,1,0
13.75,6,27,0,1,1,1,0
38.7442512512207,9,45,1,0,1,1,0
17.4488925933838,14,29,0,1,1,1,0
24.1164531707764,1,65,1,0,1,1,0
59.8247756958008,12,39,0,1,1,1,0
35.0624389648438,15,31,1,0,1,1,0
48.5789184570313,20,35,1,0,1,1,0
181.818176269531,15,45,0,1,1,1,0
42.4832420349121,9,54,0,1,0,0,0
60.4182624816895,9,41,1,0,1,1,0
34.3921546936035,6,55,0,1,1,1,0
48.9563636779785,13,47,1,0,1,1,0
40.1940879821777,3,56,0,1,1,1,0
12.274242401123,10,42,1,0,1,1,0
8.05576801300049,6,30,1,0,1,1,0
35.7827949523926,9,44,0,1,1,1,0
79.5173187255859,14,39,0,1,1,1,0
76.4427719116211,9,58,1,0,1,1,0
17.2921562194824,10,33,0,1,1,1,0
62.5,6,43,1,0,0,0,0
37.0913619995117,15,30,0,1,1,1,0
41.7465934753418,16,39,0,1,1,1,0
27.1310081481934,9,32,0,1,1,1,0
36.8227272033691,6,65,1,0,1,1,0
68.8911514282227,14,25,0,1,1,1,0
43.5879287719727,20,54,0,1,1,1,0
72.5019149780273,14,27,1,0,1,1,0
27.8310604095459,19,25,0,1,1,1,0
102.155738830566,17,58,0,1,1,1,0
30.2091312408447,13,28,0,1,1,1,0
25.6531352996826,9,39,1,0,1,1,0
28.8742828369141,7,44,1,0,1,1,0
136.74235534668,11,59,0,1,1,1,0
85.9196929931641,9,35,0,1,0,0,0
41.3346939086914,16,25,1,0,1,1,0
75,12,52,1,0,1,1,0
35.3667488098145,12,28,0,1,1,1,0
52.2251663208008,16,46,0,1,1,1,0
88.4192810058594,15,62,0,1,1,1,0
23.8551959991455,9,33,1,0,1,1,0
15.56711769104,6,59,0,1,1,1,0
26.17995262146,15,29,0,1,1,1,0
143.13117980957,16,33,1,0,1,1,0
62.5,16,52,0,1,1,1,0
31.2374458312988,14,31,1,0,1,1,0
19.9249286651611,9,28,1,0,1,1,0
42.2037925720215,8,44,1,0,0,0,0
19.837329864502,8,57,1,0,0,0,0
34.7211418151855,16,40,0,1,1,1,0
12.8892288208008,9,38,1,0,0,0,1
86.4797286987305,9,31,1,0,1,1,0
23.3127670288086,8,40,0,1,1,1,0
17.3999080657959,8,42,0,1,1,1,0
38.7448272705078,8,50,0,1,0,0,0
14.8804893493652,6,41,0,1,1,1,0
273.317077636719,10,43,1,0,1,1,0
16.6049251556396,12,43,1,0,1,1,0
73.4345397949219,10,43,1,0,1,1,0
129.590774536133,15,49,1,0,1,1,0
82.6849822998047,12,52,0,1,1,1,0
77.5293884277344,15,47,1,0,1,1,0
41.2126235961914,17,25,0,1,0,0,0
112.207778930664,17,38,1,0,1,1,0
52.4532470703125,14,51,0,1,1,1,0
189.191070556641,17,29,1,0,1,1,0
24.3973598480225,12,31,0,1,1,1,0
25.5663604736328,10,36,1,0,1,1,0
55.3108978271484,10,38,0,1,1,1,0
49.0874137878418,16,37,0,1,1,1,0
101.992416381836,10,54,0,1,1,1,0
74.7221603393555,9,59,1,0,1,1,0
25.8341827392578,10,40,0,1,1,1,0
33.0286521911621,12,27,1,0,0,0,1
79.5173187255859,16,45,1,0,1,1,0
245.484848022461,17,48,0,1,1,1,0
43.6354141235352,14,53,0,1,1,1,0
40.6337814331055,8,44,0,1,1,1,0
45.6635437011719,14,60,1,0,1,1,0
397.921478271484,16,43,1,0,1,1,0
52.8736572265625,16,56,0,1,1,1,0
61.3712120056152,15,41,1,0,0,0,0
15.56711769104,6,54,0,1,0,0,1
44.5824241638184,15,27,1,0,1,1,0
63.1786270141602,11,35,1,0,1,1,0
143.13117980957,12,51,1,0,1,1,0
17.5312194824219,6,52,1,0,0,0,0
39.8912887573242,6,29,1,0,1,1,0
13.7314233779907,9,41,0,1,1,1,0
124.00407409668,17,57,0,1,1,1,0
39.805736541748,2,60,1,0,1,1,0
73.6311187744141,6,42,1,0,1,1,0
41.7465934753418,3,48,0,1,1,1,0
75,14,38,1,0,1,1,0
73.6454544067383,12,41,1,0,1,1,0
33.834228515625,7,60,0,1,1,1,0
115.557998657227,9,55,1,0,1,1,0
32.7249412536621,10,47,0,1,1,1,0
19.143928527832,5,48,0,1,1,1,0
24.1673049926758,6,48,1,0,1,1,0
12.1071615219116,4,59,1,0,1,1,0
206.429077148438,12,48,1,0,1,1,0
12.1854295730591,17,54,1,0,1,1,0
59.7086029052734,7,27,1,0,1,1,0
83.0246276855469,17,48,0,1,1,1,0
87.8811111450195,12,45,0,1,1,1,0
69.5227432250977,15,41,0,1,1,1,0
21.7708339691162,12,52,0,1,1,1,0
33.397274017334,11,26,1,0,1,1,0
69.1871871948242,16,42,1,0,1,1,0
132.943939208984,12,48,0,1,1,1,0
17.1839389801025,15,55,0,1,0,0,1
141.399276733398,17,31,0,1,1,1,0
79.7663726806641,17,32,0,1,1,1,0
63.6138534545898,10,48,1,0,1,1,0
34.0788536071777,10,60,0,1,1,1,0
13.4262809753418,11,38,0,1,1,1,0
198.79328918457,9,36,1,0,1,1,0
20.0970439910889,10,30,1,0,1,1,0
36.6405220031738,7,37,1,0,1,1,0
29.5303497314453,12,51,0,1,1,1,0
25.4756698608398,11,41,0,1,0,0,1
25.0538845062256,11,31,0,1,1,1,0
95.420783996582,18,41,0,1,1,1,0
17.8913974761963,15,26,0,1,1,1,0
225,17,49,1,0,1,1,0
166.049255371094,12,49,0,1,1,1,0
79.6114730834961,15,27,0,1,1,1,0
18.1254787445068,16,26,0,1,1,1,0
26.1261577606201,12,26,1,0,1,1,0
44.882137298584,12,46,0,1,1,1,0
5.78500986099243,3,36,1,0,1,1,0
124.530799865723,10,43,1,0,1,1,0
62.5746192932129,9,37,0,1,1,1,0
18.75,6,65,1,0,1,1,0
214.799240112305,16,45,1,0,1,1,0
36.0373229980469,16,30,0,1,1,1,0
54.2163505554199,16,40,0,1,0,0,1
57.061695098877,6,47,1,0,1,1,0
47.8598213195801,2,49,1,0,1,1,0
64.4272308349609,13,33,0,1,1,1,0
16.6041069030762,6,43,0,1,1,1,0
25.4722099304199,6,45,0,1,0,0,1
29.8543014526367,10,46,0,1,1,1,0
90.6273956298828,16,43,0,1,1,1,0
41.3490028381348,11,32,0,1,1,1,0
56.4907455444336,10,37,0,1,1,1,0
92.0568161010742,15,40,1,0,1,1,0
7,6,25,0,1,1,1,0
39.758659362793,6,48,1,0,1,1,0
119.417205810547,20,57,0,1,1,1,0
134.406005859375,12,49,1,0,1,1,0
19.2931613922119,11,25,1,0,1,1,0
154.304748535156,12,47,0,1,1,1,0
20.6207275390625,8,40,0,1,1,1,0
35.8251609802246,9,57,0,1,1,1,0
39.6813049316406,15,25,0,1,1,1,0
43.4244384765625,16,51,1,0,1,1,0
42.951488494873,10,57,1,0,1,1,0
214.18408203125,19,41,1,0,1,1,0
37.1795310974121,14,54,1,0,1,1,0
34.0884819030762,12,49,1,0,1,1,0
245.437072753906,10,36,1,0,1,1,0
39.6234359741211,12,58,1,0,1,1,0
89.7533264160156,15,34,0,1,1,1,0
19.1324501037598,8,47,1,0,1,1,0
143.293594360352,18,48,1,0,1,1,0
58.3333320617676,17,63,0,1,1,1,0
21.875,10,25,1,0,1,1,0
62.300838470459,12,54,1,0,1,1,0
14.7592058181763,12,40,0,1,1,1,0
43.8715019226074,9,38,1,0,1,1,0
26.9211483001709,9,32,1,0,1,1,0
9.8193941116333,6,43,1,0,1,1,0
170.578765869141,20,41,0,1,1,1,0
6.64197015762329,7,61,0,1,1,1,0
57.2207450866699,12,42,0,1,1,1,0
49.113639831543,12,51,0,1,1,1,0
37.2012214660645,16,32,1,0,1,1,0
20.5113525390625,6,49,0,1,1,1,0
30.5977268218994,12,52,1,0,1,1,0
179.12580871582,20,54,0,1,1,1,0
20.4570713043213,8,56,0,1,1,1,0
40.014030456543,12,58,0,1,1,1,0
16.6041069030762,9,27,1,0,1,1,0
30.5977268218994,2,26,0,1,1,1,0
41.7892990112305,12,32,1,0,1,1,0
67.3149948120117,18,40,1,0,1,1,0
15.3398170471191,11,37,0,1,1,1,0
28.0340747833252,6,62,1,0,1,1,0
513.555236816406,17,42,1,0,1,1,0
62.0020370483398,12,31,0,1,1,1,0
70.0485763549805,10,46,1,0,1,1,0
29.1666660308838,6,61,1,0,1,1,0
99.5143356323242,18,60,1,0,1,1,0
35.8948669433594,7,62,0,1,1,1,0
201.178817749023,15,51,1,0,1,1,0
254.756698608398,12,55,1,0,1,1,0
40.1940879821777,11,26,0,1,1,1,0
132.920181274414,15,60,1,0,1,1,0
48.9563636779785,9,49,1,0,1,1,0
48.3615913391113,17,27,1,0,1,1,0
44.7814521789551,6,30,1,0,1,1,0
31.9065456390381,12,65,0,1,1,1,0
104.166664123535,15,38,0,1,1,1,0
67.66845703125,13,52,0,1,1,1,0
102.115257263184,7,42,1,0,1,1,0
38.6676902770996,10,33,1,0,1,1,0
14.5285930633545,9,26,0,1,0,0,1
47.7668838500977,17,37,1,0,1,1,0
15.9034633636475,9,39,1,0,1,1,0
14.3131170272827,6,45,0,1,1,1,0
14.2241859436035,9,42,1,0,1,1,0
16.0860214233398,6,55,1,0,1,1,0
25.1882953643799,13,41,0,1,1,1,0
49.8147773742676,2,62,1,0,1,1,0
44.1786727905273,6,25,1,0,1,1,0
20.453088760376,13,28,0,1,1,1,0
72.7868041992188,16,40,0,1,1,1,0
35.0624389648438,15,51,0,1,1,1,0
22.8612289428711,8,63,1,0,1,1,0
45.6926040649414,10,55,0,1,0,0,1
23.3506755828857,8,29,1,0,1,1,0
44.8678169250488,17,50,1,0,1,1,0
238.834411621094,15,30,0,1,1,1,0
69.8616485595703,12,39,1,0,1,1,0
28.1293869018555,3,61,0,1,1,1,0
58.1172370910645,12,58,0,1,1,1,0
150.727828979492,18,53,0,1,1,1,0
22.0004425048828,14,27,1,0,1,1,0
34.3611907958984,9,38,0,1,1,1,0
26.2532405853271,10,32,1,0,1,1,0
36.25,11,43,1,0,1,1,0
47.8598213195801,18,49,1,0,1,1,0
33.5657005310059,12,28,1,0,1,1,0
43.0738372802734,6,31,1,0,1,1,0
156.25,14,56,1,0,1,1,0
87.6961898803711,12,45,1,0,1,1,0
18.7967929840088,14,28,1,0,1,1,0
55.3470230102539,18,41,1,0,1,1,0
150.642868041992,20,50,1,0,1,1,0
933.981018066406,12,48,0,1,1,1,0
68.1818161010742,16,25,0,1,1,1,0
58.3333320617676,6,33,1,0,1,1,0
30.3611583709717,6,43,0,1,1,1,0
33.4752044677734,10,53,0,1,0,0,1
69.9631805419922,18,44,1,0,1,1,0
84.5813217163086,12,64,1,0,1,1,0
21.7505741119385,8,57,1,0,1,1,0
122.718536376953,18,44,0,1,1,1,0
30.1897563934326,11,29,0,1,1,1,0
33.4535140991211,9,31,0,1,1,1,0
27.8640155792236,12,65,1,0,1,1,0
26.3229007720947,11,25,0,1,1,1,0
47.8598213195801,14,52,1,0,1,1,0
9.20568180084229,0,42,1,0,1,1,0
104.719085693359,12,40,1,0,1,1,0
17.3944129943848,6,41,1,0,1,1,0
24.1673049926758,13,47,1,0,1,1,0
93.3266525268555,13,29,1,0,1,1,0
43.4014282226563,17,27,0,1,1,1,0
30.145565032959,6,39,1,0,1,1,0
26.7741222381592,10,53,1,0,1,1,0
11.9417209625244,3,56,1,0,1,1,0
35.2230796813965,11,44,1,0,1,1,0
42.8368148803711,12,48,1,0,1,1,0
85.9196929931641,12,33,0,1,1,1,0
49.8123207092285,16,52,1,0,1,1,0
17.1805953979492,10,31,0,1,1,1,0
310.010192871094,12,50,1,0,1,1,0
35.3510055541992,13,34,0,1,1,1,0
119.649551391602,16,43,1,0,1,1,0
25.8341827392578,6,56,1,0,1,1,0
26.7960586547852,14,49,0,1,1,1,0
22.6091747283936,6,47,1,0,1,1,0
153.398162841797,17,53,1,0,1,1,0
19.230770111084,10,50,0,1,1,1,0
101.045333862305,18,34,1,0,1,1,0
11.9417209625244,0,59,1,0,1,1,0
9.40842056274414,9,26,1,0,1,1,0
34.4455757141113,11,29,1,0,1,1,0
11.9275979995728,7,37,1,0,1,1,0
48.3346099853516,18,42,0,1,1,1,0
47.4290237426758,9,58,1,0,1,1,0
72.3493576049805,9,56,1,0,1,1,0
35.3411636352539,8,60,1,0,0,0,0
25.498104095459,6,42,0,1,1,1,0
68.1551971435547,12,38,1,0,1,1,0
21.4188861846924,8,43,1,0,1,1,0
116.234474182129,20,41,0,1,0,0,0
34.8686256408691,9,33,0,1,1,1,0
44.8766632080078,6,57,0,1,1,1,0
35.2301483154297,12,42,1,0,0,0,1
55.3834075927734,16,35,0,1,1,1,0
14.9561939239502,8,32,0,1,1,1,0
45,12,36,0,1,1,1,0
147.262237548828,15,40,1,0,1,1,0
143.300643920898,18,64,0,1,1,1,0
252.54833984375,18,54,1,0,1,1,0
24.6276359558105,9,25,1,0,1,1,0
17.1852512359619,9,42,0,1,1,1,0
54.5415725708008,17,40,0,1,1,1,0
10.4906492233276,6,49,0,1,1,1,0
46.0284080505371,12,35,0,1,1,1,0
85.9751510620117,7,43,1,0,1,1,0
37.5,10,32,1,0,1,1,0
50.9469299316406,14,30,0,1,1,1,0
22.0881443023682,10,42,1,0,1,1,0
29.7609786987305,7,26,1,0,1,1,0
4.07969665527344,9,34,1,0,1,1,0
239.2822265625,12,52,0,1,1,1,0
35.3131408691406,9,62,1,0,1,1,0
26.6299209594727,15,30,1,0,1,1,0
31.8159141540527,12,27,0,1,1,1,0
111.371116638184,15,46,0,1,0,0,0
16.3624706268311,10,55,1,0,1,1,0
78.1409530639648,10,54,0,1,1,1,0
37.102237701416,12,48,1,0,1,1,0
56.3903770446777,10,64,1,0,1,1,0
16.051118850708,9,40,0,1,1,1,0
68.4953155517578,16,34,0,1,1,1,0
26.5723037719727,9,36,0,1,1,1,0
15.953272819519,6,52,0,1,1,1,0
20.7551345825195,6,53,0,1,1,1,0
13.837438583374,9,27,1,0,1,1,0
41.7960243225098,10,45,1,0,1,1,0
66.794548034668,16,38,0,1,1,1,0
15.500509262085,6,47,1,0,1,1,0
69.6600341796875,6,48,1,0,1,1,0
65.6794662475586,15,41,0,1,1,1,0
18.2291660308838,6,26,0,1,1,1,0
166.66667175293,16,56,0,1,1,1,0
18.6805400848389,12,50,0,1,1,1,0
46.508544921875,12,47,1,0,1,1,0
29.057186126709,16,37,0,1,1,1,0
36.2509574890137,6,65,1,0,1,1,0
5.81143760681152,9,37,1,0,1,1,0
20.3984851837158,4,64,1,0,0,0,0
62.0020370483398,8,42,1,0,1,1,0
21.393627166748,6,42,1,0,1,1,0
24.5437068939209,0,58,1,0,1,1,0
10.7378721237183,6,31,1,0,1,1,0
76.7140121459961,6,40,1,0,1,1,0
81.5792388916016,15,39,0,1,1,1,0
12.307692527771,10,48,1,0,1,1,0
70.5674591064453,7,35,0,1,1,1,0
49.8123207092285,18,38,1,0,1,1,0
56.7980880737305,10,30,1,0,1,1,0
11.25,8,29,1,0,1,1,0
57.3973503112793,13,30,1,0,1,1,0
12.2718534469604,6,25,1,0,1,1,0
56.4505271911621,12,58,0,1,1,1,0
51.6683654785156,15,33,1,0,1,1,0
223.207336425781,16,49,0,1,1,1,0
28.5308475494385,8,42,1,0,1,1,0
95.5337677001953,12,46,0,1,1,1,0
90.1359939575195,10,41,1,0,1,1,0
141.126312255859,15,33,0,1,1,1,0
41.6791496276855,6,34,1,0,1,1,0
96.6692199707031,12,33,1,0,1,1,0
20.9386711120605,11,29,1,0,0,0,1
62.0020370483398,6,38,1,0,1,1,0
26.0238513946533,6,49,1,0,1,1,0
62.5,9,34,1,0,1,1,0
24.9061603546143,12,48,0,1,1,1,0
20.1394214630127,10,47,1,0,1,1,0
38.8105926513672,12,39,0,1,1,1,0
96.4658126831055,16,54,0,1,1,1,0
22.2910137176514,6,52,0,1,1,1,0
27.926664352417,7,46,1,0,1,1,0
82.6693878173828,6,55,1,0,1,1,0
19.9249286651611,6,46,1,0,1,1,0
45.0055541992188,16,53,0,1,1,1,0
35.069263458252,13,27,1,0,1,1,0
68.2022399902344,17,33,0,1,1,1,0
37.078441619873,6,58,1,0,1,1,0
21.5369186401367,12,25,1,0,1,1,0
6.04182624816895,3,59,0,1,1,1,0
74.7184829711914,18,31,0,1,1,1,0
140.926498413086,15,51,1,0,1,1,0
30.1528453826904,9,34,1,0,1,1,0
17.9166660308838,9,33,1,0,1,1,0
15.1045656204224,9,32,0,1,1,1,0
69.6680145263672,8,34,1,0,1,1,0
215.853393554688,20,52,0,1,1,1,0
28.3380508422852,14,29,0,1,1,1,0
4.78598213195801,10,30,0,1,1,1,0
39.805736541748,10,47,1,0,1,1,0
15.56711769104,10,45,0,1,1,1,0
50.9532737731934,13,47,0,1,1,1,0
71.6503219604492,14,27,1,0,1,1,0
72.5019149780273,18,28,0,1,1,1,0
14.5003833770752,12,33,0,1,1,1,0
74.7184829711914,9,59,0,1,1,1,0
33.0677528381348,11,27,1,0,1,1,0
125,13,26,0,1,1,1,0
26.5724258422852,11,44,1,0,1,1,0
39.5999984741211,6,58,0,1,1,1,0
63.0987129211426,12,25,0,1,1,1,0
51.8878326416016,7,62,1,0,0,0,1
8.33333301544189,9,27,0,1,1,1,0
36.846923828125,14,38,0,1,1,1,0
59.0756340026855,11,41,0,1,1,1,0
57.3202590942383,12,29,1,0,1,1,0
17.6219921112061,12,30,0,1,1,1,0
33.4368171691895,6,49,0,1,1,1,0
120.623794555664,18,34,1,0,1,1,0
124.245803833008,18,53,1,0,1,1,0
177.466812133789,16,47,1,0,1,1,0
47.7668838500977,13,41,0,1,1,1,0
51.922721862793,11,49,0,1,1,1,0
12.4536943435669,12,56,1,0,1,1,0
113.636360168457,12,35,0,1,1,1,0
53.1780319213867,12,42,0,1,1,1,0
42.2927856445313,12,58,0,1,1,1,0
69.7406845092773,12,39,0,1,1,1,0
67.66845703125,15,45,0,1,1,1,0
28.5893650054932,10,30,1,0,1,1,0
21.3481369018555,10,45,0,1,1,1,0
60.4182624816895,6,55,0,1,1,1,0
165.661087036133,12,58,1,0,1,1,0
63.6432723999023,16,38,0,1,1,1,0
22.3333339691162,9,40,0,1,0,0,0
98.0124588012695,11,53,1,0,1,1,0
2.45437073707581,7,50,1,0,1,1,0
73.6311187744141,8,41,1,0,1,1,0
111.086952209473,13,53,0,1,1,1,0
14.4698715209961,8,26,1,0,1,1,0
751.997436523438,18,50,1,0,1,1,0
35.8251609802246,4,59,1,0,1,1,0
12.4004077911377,6,60,0,1,1,1,0
25.3644714355469,10,50,1,0,1,1,0
376.174987792969,16,58,1,0,1,1,0
31.1342353820801,12,27,0,1,1,1,0
61.0224456787109,12,39,1,0,1,1,0
29.1513252258301,9,50,0,1,1,1,0
39.805736541748,15,45,1,0,1,1,0
78.8904800415039,6,43,0,1,0,0,0
106.25,17,43,1,0,1,1,0
64.4255828857422,10,42,0,1,1,1,0
60.4182624816895,9,42,1,0,1,1,0
27.2630805969238,15,27,1,0,1,1,0
83.0620422363281,8,40,1,0,1,1,0
24.5484848022461,10,41,1,0,1,1,0
138.098892211914,13,53,0,1,1,1,0
23.92991065979,2,31,1,0,1,1,0
36.738395690918,14,31,0,1,1,1,0
94.0842132568359,11,60,1,0,1,1,0
30.6796340942383,6,39,1,0,1,1,0
24.5862045288086,6,57,0,1,1,1,0
92.0568161010742,10,54,1,0,1,1,0
10.7638893127441,12,34,0,1,1,1,0
97.912727355957,10,57,0,1,1,1,0
27.8216171264648,6,38,1,0,1,1,0
47.1884918212891,12,30,0,1,1,1,0
111.264457702637,12,53,1,0,1,1,0
37.3443832397461,5,30,1,0,1,1,0
106.072120666504,16,27,1,0,1,1,0
90.4366989135742,8,64,1,0,1,1,0
68.1551971435547,16,35,0,1,1,1,0
119.275978088379,16,30,0,1,1,1,0
88.5743408203125,16,40,0,1,1,1,0
25,9,39,1,0,1,1,0
37.1520195007324,10,29,1,0,1,1,0
62.1444969177246,13,28,1,0,1,1,0
34.7888259887695,6,38,1,0,1,1,0
49.8123207092285,14,54,0,1,1,1,0
105.856399536133,17,37,0,1,1,1,0
138.888885498047,9,61,1,0,1,1,0
33.0677528381348,16,42,0,1,1,1,0
77.6211853027344,15,36,1,0,1,1,0
9.29685878753662,8,42,1,0,1,1,0
34.8686256408691,12,32,0,1,1,1,0
24.8008155822754,8,53,1,0,1,1,0
40.9979705810547,12,48,1,0,1,1,0
122.390907287598,18,57,1,0,1,1,0
113.950241088867,16,43,1,0,1,1,0
26.0416660308838,6,44,1,0,0,0,1
147.378311157227,8,59,1,0,1,1,0
80.5576858520508,12,32,0,1,1,1,0
62.0020370483398,20,34,0,1,1,1,0
119.275978088379,12,43,1,0,1,1,0
5.78685712814331,8,61,0,1,1,1,0
79.7825775146484,15,33,0,1,1,1,0
13.2685794830322,12,55,0,1,1,1,0
35.795841217041,5,62,0,1,1,1,0
22.1871356964111,17,31,1,0,1,1,0
40.7969703674316,12,50,0,1,1,1,0
33.5416679382324,7,33,1,0,1,1,0
93.003059387207,10,61,1,0,1,1,0
25.6777610778809,15,45,0,1,1,1,0
16.25,9,26,1,0,1,1,0
81.8123550415039,17,45,0,1,1,1,0
20.1394214630127,8,53,1,0,1,1,0
52.701732635498,11,34,0,1,1,1,0
99.826042175293,16,47,1,0,1,1,0
10.4486494064331,12,50,0,1,1,1,0
41.835865020752,12,63,1,0,0,0,0
43.4014282226563,15,32,1,0,1,1,0
36.734302520752,6,46,1,0,1,1,0
572.686462402344,20,48,1,0,1,1,0
20.8333339691162,13,54,0,1,1,1,0
20.0395793914795,6,52,0,1,1,1,0
67.5897216796875,15,54,0,1,1,1,0
166.66667175293,10,55,1,0,1,1,0
42.1613845825195,12,32,1,0,1,1,0
15.196681022644,9,44,0,1,1,1,0
11.1324253082275,6,48,1,0,1,1,0
33.7015533447266,6,55,1,0,1,1,0
24.7530555725098,9,29,0,1,1,1,0
27.1979789733887,17,40,1,0,1,1,0
73.6454544067383,15,45,1,0,1,1,0
43.8365783691406,14,33,0,1,1,1,0
181.254791259766,18,42,0,1,1,1,0
57.2524681091309,9,56,1,0,1,1,0
94.5386276245117,15,44,1,0,1,1,0
44.2776184082031,12,49,0,1,1,1,0
178.913970947266,12,51,0,1,1,1,0
130.273315429688,15,51,1,0,1,1,0
18.6796207427979,13,36,0,1,1,1,0
66.1355056762695,11,46,0,1,1,1,0
121.830131530762,8,48,1,0,1,1,0
40.8520240783691,6,45,1,0,1,1,0
23.4313697814941,6,59,1,0,0,0,0
22.0893363952637,11,44,0,1,1,1,0
117.059852600098,17,26,1,0,1,1,0
58.2858543395996,15,45,0,1,1,1,0
66.460090637207,13,51,0,1,1,1,0
33.1895523071289,4,50,0,1,1,1,0
357.827941894531,17,45,1,0,1,1,0
77.4458847045898,12,60,1,0,1,1,0
46.7013511657715,6,63,1,0,1,1,0
50,11,46,0,1,1,1,0
24.1164531707764,15,25,1,0,1,1,0
27.7924003601074,6,47,0,1,1,1,0
23.8834419250488,8,49,0,1,1,1,0
305.977264404297,16,30,1,0,1,1,0
14.9561939239502,12,52,0,1,1,1,0
77.8355865478516,15,38,0,1,1,1,0
241.673049926758,18,42,1,0,1,1,0
71.7897338867188,17,31,0,1,1,1,0
47.2693138122559,12,30,1,0,1,1,0
58.4464569091797,15,59,0,1,1,1,0
20.4473114013672,6,35,1,0,1,1,0
56.6076965332031,6,48,1,0,1,1,0
29.8189945220947,16,32,1,0,1,1,0
36.2509574890137,12,42,0,1,1,1,0
27.3723697662354,6,39,0,1,1,1,0
23.8834419250488,9,25,0,1,0,0,1
47.6190490722656,6,61,1,0,1,1,0
43.8715019226074,9,57,1,0,1,1,0
68.9041519165039,12,36,1,0,1,1,0
40.9141426086426,11,35,1,0,1,1,0
28.9397430419922,12,26,0,1,1,1,0
38.5686798095703,6,64,1,0,1,1,0
62.5,6,43,1,0,1,1,0
62.3740501403809,6,60,1,0,1,1,0
22.8580837249756,7,30,0,1,1,1,0
9.79127216339111,0,30,1,0,0,0,1
39.2775764465332,16,25,0,1,1,1,0
32.0343894958496,12,38,0,1,1,1,0
63.5796928405762,14,57,1,0,1,1,0
39.1650886535645,6,56,0,1,1,1,0
20.3984851837158,9,43,0,1,1,1,0
99.2032623291016,10,47,1,0,1,1,0
23.92991065979,10,30,1,0,1,1,0
12.5889663696289,6,43,0,1,0,0,0
62.2653999328613,12,31,0,1,0,0,1
33.2300453186035,18,29,1,0,1,1,0
18.4077796936035,6,28,1,0,1,1,0
76.6990814208984,12,62,0,1,1,1,0
41.7324256896973,6,53,0,1,1,1,0
18.0569667816162,12,36,1,0,1,1,0
30.7670269012451,15,53,0,1,1,1,0
35.6973457336426,12,55,1,0,1,1,0
7.41291332244873,5,61,0,1,1,1,0
31.25,20,36,0,1,1,1,0
120.836524963379,7,36,1,0,1,1,0
28.4690628051758,11,59,0,1,1,1,0
42.4972305297852,6,59,1,0,1,1,0
17.0596008300781,5,58,0,1,1,1,0
80.5576858520508,15,33,0,1,1,1,0
50.046760559082,18,45,1,0,1,1,0
46.3851013183594,12,33,0,1,1,1,0
30.6856060028076,10,40,1,0,1,1,0
49.0874137878418,11,29,1,0,1,1,0
11.388129234314,6,58,1,0,0,0,1
37.5935859680176,16,25,0,1,1,1,0
52.0161361694336,6,63,1,0,1,1,0
144.698715209961,17,26,1,0,1,1,0
13.2832851409912,4,38,1,0,1,1,0
19.8793296813965,9,63,1,0,1,1,0
23.92991065979,4,38,1,0,1,1,0
16.9923725128174,6,35,0,1,1,1,0
25.9439163208008,6,58,1,0,1,1,0
73.5088882446289,6,41,1,0,1,1,0
69.2115783691406,16,26,1,0,1,1,0
22.5461959838867,6,54,0,1,1,1,0
34.9688301086426,12,36,1,0,1,1,0
49.8123207092285,12,25,0,1,1,1,0
32.405086517334,12,35,1,0,1,1,0
36.3406829833984,6,62,1,0,1,1,0
36.4885902404785,12,44,0,1,1,1,0
35.8251609802246,6,46,0,1,1,1,0
19.084156036377,9,46,1,0,1,1,0
72.5019149780273,18,45,1,0,1,1,0
33.765625,11,43,0,1,0,0,1
53.9765777587891,6,64,1,0,1,1,0
10.0697107315063,6,31,1,0,1,1,0
66.3202438354492,12,26,1,0,1,1,0
52.767692565918,12,51,0,1,1,1,0
37.8901329040527,15,48,0,1,1,1,0
37.5144805908203,9,48,1,0,1,1,0
204.399993896484,12,42,1,0,1,1,0
99.5143356323242,12,51,1,0,1,1,0
55.0759086608887,10,43,1,0,1,1,0
31.6455612182617,14,30,0,1,1,1,0
42.6490020751953,16,25,0,1,1,1,0
41.4255676269531,9,33,1,0,1,1,0
21.8931541442871,6,45,1,0,1,1,0
206.712463378906,10,57,0,1,1,1,0
17.9474334716797,6,61,1,0,1,1,0
31.8069267272949,14,33,1,0,1,1,0
34.839241027832,10,30,0,1,1,1,0
89.2498397827148,12,33,1,0,1,1,0
89.4623870849609,12,29,0,1,1,1,0
87.6731567382813,16,47,1,0,1,1,0
177.909912109375,18,37,1,0,1,1,0
47.1341438293457,5,62,1,0,1,1,0
64.7432327270508,12,56,1,0,1,1,0
16.5338764190674,6,25,1,0,0,0,1
74.7349472045898,15,38,1,0,1,1,0
18.6006107330322,7,52,1,0,1,1,0
13.6380472183228,9,36,0,1,1,1,0
58.5874061584473,17,46,0,1,1,1,0
14.4967403411865,12,53,0,1,1,1,0
21.25,12,27,0,1,1,1,0
85.084846496582,16,58,0,1,1,1,0
19.6805362701416,8,34,1,0,1,1,0
15.2988634109497,11,35,0,1,1,1,0
17.6705150604248,8,35,1,0,1,1,0
112.19416809082,12,52,0,1,1,1,0
249.073883056641,11,26,0,1,1,1,0
31.5741863250732,7,43,0,1,1,1,0
214.950973510742,10,38,0,1,1,1,0
49.8544044494629,6,46,1,0,1,1,0
21.1463928222656,15,46,0,1,1,1,0
242.155166625977,10,60,0,1,1,1,0
7.44024467468262,6,27,1,0,0,0,0
59.7086029052734,15,54,1,0,1,1,0
4.90874147415161,10,63,0,1,1,1,0
15.9034633636475,6,60,0,1,1,1,0
67.1669235229492,16,27,0,1,0,0,0
59.8247756958008,20,34,0,1,1,1,0
32.117057800293,6,60,0,1,1,1,0
24.1673049926758,15,25,0,1,1,1,0
37.2012214660645,9,42,1,0,1,1,0
45.3136978149414,13,33,1,0,1,1,0
44.6428565979004,6,53,1,0,1,1,0
31.2417678833008,14,29,1,0,1,1,0
10.6496410369873,12,49,0,1,1,1,0
124.530799865723,15,45,0,1,1,1,0
17.5672454833984,5,27,1,0,1,1,0
133.33332824707,16,42,1,0,1,1,0
12.3641290664673,8,58,0,1,1,1,0
21.482048034668,11,29,1,0,1,1,0
20.4570713043213,11,33,1,0,1,1,0
98.1748275756836,6,49,0,1,0,0,0
38.8772315979004,14,49,1,0,1,1,0
124.288993835449,17,39,0,1,1,1,0
42.3593101501465,15,29,1,0,1,1,0
20.6673469543457,9,29,1,0,1,1,0
46.6421203613281,11,41,0,1,1,1,0
49.3007392883301,12,48,0,1,1,1,0
239.299102783203,20,62,1,0,1,1,0
105.291603088379,15,32,1,0,1,1,0
83.0882339477539,15,30,0,1,1,1,0
59.2739486694336,9,45,0,1,1,1,0
6.79949474334717,12,53,0,1,1,1,0
35.802604675293,10,30,0,1,1,1,0
38.213508605957,11,55,1,0,1,1,0
16,8,28,1,0,1,1,0
66.4164276123047,9,57,0,1,1,1,0
18.892032623291,11,27,0,1,1,1,0
64.7560195922852,12,35,1,0,1,1,0
29.2021617889404,12,30,1,0,1,1,0
833.333312988281,15,45,1,0,1,1,0
30.1892852783203,10,48,0,1,1,1,0
18.0873394012451,6,52,0,1,1,1,0
245.437072753906,17,48,1,0,1,1,0
248.785842895508,18,59,1,0,1,1,0
95.420783996582,20,57,0,1,1,1,0
88.4269866943359,6,50,0,1,0,0,0
23.92991065979,12,25,1,0,1,1,0
67.1761627197266,16,54,0,1,0,0,1
3.6822726726532,14,46,0,1,1,1,0
26.7960586547852,6,63,0,1,1,1,0
55.8563995361328,18,45,0,1,1,1,0
31.1342353820801,4,48,1,0,0,0,0
41.7243003845215,9,32,1,0,1,1,0
31.8069267272949,8,41,1,0,1,1,0
24.9073886871338,9,58,1,0,1,1,0
30.6856060028076,16,33,0,1,1,1,0
21.4950981140137,11,29,1,0,0,0,1
52.701732635498,12,49,0,1,1,1,0
34.6774253845215,6,53,0,1,1,1,0
81.3616943359375,15,48,0,1,1,1,0
40.7969703674316,13,40,1,0,1,1,0
21.1494808197021,6,31,1,0,1,1,0
39.758659362793,12,45,0,1,1,1,0
16.6666660308838,9,34,1,0,1,1,0
29.1666660308838,12,28,1,0,1,1,0
100.485214233398,6,44,1,0,1,1,0
62.0020370483398,9,55,0,1,1,1,0
60.89404296875,10,37,0,1,1,1,0
24.8491611480713,8,47,0,1,1,1,0
59.6379890441895,12,57,1,0,1,1,0
27.2630805969238,9,50,1,0,0,0,0
45,11,41,1,0,1,1,0
37.2012214660645,7,46,0,1,0,0,0
84.407585144043,16,36,0,1,1,1,0
81.8282852172852,16,42,0,1,1,1,0
29.8615093231201,19,43,0,1,1,1,0
25.9425258636475,7,60,0,1,1,1,0
12.9170913696289,8,64,1,0,0,0,0
31.8445873260498,8,41,1,0,1,1,0
89.2514724731445,10,62,1,0,1,1,0
47.8598213195801,16,43,0,1,1,1,0
13.7362632751465,10,33,0,1,1,1,0
68.1769638061523,16,39,0,1,1,1,0
53.966007232666,15,34,0,1,1,1,0
47.7391624450684,17,53,1,0,1,1,0
66.9504089355469,11,34,1,0,1,1,0
45.6257209777832,17,32,0,1,1,1,0
87.0022964477539,10,44,1,0,1,1,0
39.805736541748,9,44,1,0,0,0,0
10,12,48,0,1,1,1,0
47.710391998291,9,31,1,0,1,1,0
49.8123207092285,11,54,1,0,1,1,0
15.56711769104,5,60,1,0,1,1,0
28.715892791748,6,54,0,1,1,1,0
29.8543014526367,12,59,0,1,1,1,0
73.6454544067383,8,30,1,0,1,1,0
48.9563636779785,12,48,1,0,1,1,0
33.834228515625,16,38,0,1,1,1,0
35.5802307128906,6,62,1,0,1,1,0
208.980117797852,14,50,1,0,1,1,0
30.5977268218994,6,42,1,0,1,1,0
39.0057525634766,16,37,0,1,1,1,0
361.746795654297,18,46,1,0,1,1,0
53.011547088623,18,54,0,1,1,1,0
16.6041069030762,14,48,0,1,1,1,0
49.8147773742676,14,29,1,0,1,1,0
106.480087280273,14,61,1,0,1,1,0
75.8823623657227,13,34,1,0,1,1,0
1435.79455566406,17,62,1,0,1,1,0
139.081008911133,17,57,1,0,1,1,0
54.1358032226563,12,31,0,1,1,1,0
31.8445873260498,9,50,0,1,1,1,0
72.9166641235352,20,34,0,1,1,1,0
23.8551959991455,15,27,0,1,1,1,0
126.878356933594,10,62,0,1,1,1,0
16.6049251556396,4,46,0,1,0,0,1
156.948333740234,14,49,0,1,1,1,0
43.5857810974121,5,65,1,0,1,1,0
39.883186340332,6,62,1,0,1,1,0
265.37158203125,17,43,1,0,1,1,0
67.6697540283203,10,56,1,0,1,1,0
36.5400810241699,12,39,1,0,1,1,0
241.21875,16,32,1,0,1,1,0
18.4077796936035,4,25,0,1,1,1,0
35.7998733520508,16,55,0,1,1,1,0
36.1157112121582,8,50,1,0,1,1,0
80.7634506225586,17,55,0,1,1,1,0
28.1080150604248,6,57,0,1,1,1,0
10,6,50,1,0,1,1,0
15.5663499832153,10,27,1,0,0,0,1
25.8341827392578,10,56,1,0,0,0,1
217.007141113281,10,57,1,0,1,1,0
37.5,9,52,0,1,1,1,0
51.9294891357422,12,30,1,0,1,1,0
62.0020370483398,6,41,1,0,1,1,0
60.4182624816895,16,48,0,1,1,1,0
43.5879287719727,6,42,1,0,1,1,0
4.90969705581665,11,27,0,1,0,0,0
30.6796340942383,6,58,0,1,1,1,0
40.906177520752,14,34,0,1,1,1,0
18.2291660308838,12,60,1,0,1,1,0
62.2653999328613,18,30,1,0,1,1,0
34.7888259887695,12,37,1,0,1,1,0
7.95173168182373,6,48,1,0,1,1,0
24.1673049926758,10,25,0,1,1,1,0
39.8498573303223,8,51,1,0,1,1,0
32.8181610107422,11,40,1,0,1,1,0
48.2329063415527,12,40,0,1,1,1,0
68.1577072143555,13,26,0,1,1,1,0
23.5997180938721,9,40,1,0,1,1,0
24.9073886871338,8,60,0,1,1,1,0
199.25910949707,17,57,1,0,1,1,0
23.6198253631592,13,28,1,0,1,1,0
60.291130065918,9,51,1,0,1,1,0
67.6385879516602,9,64,0,1,1,1,0
27.674877166748,14,43,0,1,1,1,0
89.1886978149414,16,48,0,1,1,1,0
20.4570713043213,16,60,0,1,0,0,1
48.7620277404785,14,51,0,1,0,0,0
20.7551345825195,9,51,1,0,0,0,1
14.3300647735596,9,46,0,1,1,1,0
22.4383316040039,4,40,1,0,1,1,0
42.959846496582,11,28,1,0,1,1,0
35.961181640625,7,56,0,1,1,1,0
4.77668857574463,11,47,1,0,1,1,0
73.4345397949219,15,56,1,0,1,1,0
22.6892700195313,13,28,0,1,1,1,0
44.6414680480957,16,30,0,1,1,1,0
204.530883789063,9,27,0,1,1,1,0
